Reference;Qty;Value;Footprint;MPN
C1,C11,C12,C17,C18,C19,C20,C29,C30,C31,C32,C35,C36,C37,C38,C39,C40;17;100nF;Capacitor_SMD:C_0603_1608Metric;C0603C104K5RACTU
C2,C8,C9,C41;4;10uF;Capacitor_SMD:C_1206_3216Metric;CL31B106KAHNFNE
C3,C42;2;100nF;Capacitor_SMD:C_0805_2012Metric;C0805F104K1RACAUTO
C4,C5;2;2.2uF;Capacitor_SMD:C_0603_1608Metric;0603YD225KAT2A
C6;1;470nF;Capacitor_SMD:C_0603_1608Metric;CL10B474KA8NFNC
C7;1;22nF;Capacitor_SMD:C_0603_1608Metric;C2012C0G1H223J125AA
C10;1;10u;Capacitor_SMD:C_1206_3216Metric;CL31B106KAHNFNE
C13,C14;2;22nF;Capacitor_SMD:C_0805_2012Metric;C2012C0G1H223J125AA
C15,C16;2;11nF;Capacitor_SMD:C_0805_2012Metric;GRM2195C1H113JA01D
C21,C22,C23,C24,C25,C26,C27,C28,C33,C34;10;10uF;Capacitor_SMD:C_0805_2012Metric;08056C106MAT2A
D1,D2;2;MBR0540;Diode_SMD:D_SOD-123;MBR0540T3G
D3;1;3.9V;Diode_SMD:D_SOD-123;BZT52C3V9-TP
D4,D5,D16,D17;4;BAV99;Package_TO_SOT_SMD:SOT-23;BAV99
D6,D8,D9,D10,D11,D12,D13,D14,D15;9;LED;Resistor_SMD:R_2512_6332Metric;XZVG45WT-9
F1,F2,F3,F4;4;Polyfuse;Fuse:Fuse_0603_1608Metric_Pad1.05x0.95mm_HandSolder;0ZCM0004FF2G
H1,H2,H3,H4;4;MountingHole_Pad;MountingHole:MountingHole_3.2mm_M3_ISO7380_Pad_TopBottom;�
J1;1;PWR;Connector_BarrelJack:BarrelJack_CUI_PJ-063AH_Horizontal;PJ-063AH
J2,J3,J14,J15;2;TX1;Connector_Coaxial:BNC_TEConnectivity_1478035_Horizontal;71K201-400N5
J4,J5;2;10/20us;Connector_PinHeader_2.54mm:PinHeader_1x03_P2.54mm_Vertical;G800W305018EU
J6,J7,J8,J9;4;AFBR-1624Z;Footprints:Broadcom_AFBR-16xxZ_Horizontal;AFBR-1624Z
J10,J11,J12,J13;4;AFBR-2624Z;Footprints:Broadcom_AFBR-16xxZ_Horizontal;AFBR-2624Z
L1;1;68uH;Footprints:SPM6545VT;SPM6545VT-680M-D
R1;1;36k;Resistor_SMD:R_0603_1608Metric;CR0603-FX-3602ELF
R2;1;16k;Resistor_SMD:R_0603_1608Metric;CR0603-FX-1602ELF
R3,R4,R5,R6;4;10k;Resistor_SMD:R_0603_1608Metric;CR0603-FX-1002ELF
R7,R8;2;2k;Resistor_SMD:R_1206_3216Metric;SN74LVC2G17
R9,R10,R13,R14,R19,R20,R21,R22;8;1.3k;Resistor_SMD:R_0603_1608Metric;CR0603-FX-1301ELF
R11,R15,R16,R17,R18,R23,R24,R25,R26;9;240;Resistor_SMD:R_0603_1608Metric;CR0603-JW-241ELF
TP1;1;Banana+;Footprints:5710100;5710500
TP2;1;Banana-;Footprints:5710100;5710100
TP3,TP4,TP5,TP6,TP7,TP8;6;TestPoint;TestPoint:TestPoint_Keystone_5010-5014_Multipurpose;5011
U1;1;LM46000PWPRT;Package_SO:HTSSOP-16-1EP_4.4x5mm_P0.65mm_EP3.4x5mm;LM46000PWPR
U2,U7,U8;3;SN74LVC2G17;Package_TO_SOT_SMD:SOT-23-6;SN74LVC2G17DBVR
U3,U5;2;TLV3501AIDBV;Package_TO_SOT_SMD:SOT-23-6;TLV3501AIDBVR
U4,U6;2;SN74LVC1G08;Package_TO_SOT_SMD:SOT-23-5;SN74LVC1G08DCK3
U9,U10;2;SN74LVC1G02;Package_TO_SOT_SMD:SOT-23-5;SN74LVC1G02DBVR
